#date	close
1513977152.67	1026.87
1513977155.16	1026.23
1513977157.65	1026.23
1513977160.13	1026.21
1513977271.91	1025.66
1513977274.4	1025.62
1513977276.88	1025.64
1513977279.37	1025.64
1513977281.86	1025.65
1513977426.01	1025.76
1513977486.93	1025.62
1513977547.86	1025.56
1513977608.78	1025.37
1513977669.7	1025.44
1513977730.63	1025.51
1513977791.55	1025.54
1513977852.47	1025.58
1513977913.39	1025.57
1513977974.32	1025.58
1513978035.25	1025.60
1513978096.17	1025.66
1513978157.09	1025.57
1513978218.02	1025.56
1513978278.93	1025.58
1513978339.86	1025.48
1513978400.78	1025.52
1513978461.7	1025.56
1513978522.62	1025.52
1513978583.55	1025.53
1513978644.47	1025.55
1513978705.39	1025.58
1513978766.31	1025.58
1513978827.22	1025.57
1513978888.15	1025.56
1513978949.08	1025.53
1513979010.0	1025.59
1513979070.92	1025.56
1513979131.85	1025.60
1513979192.79	1025.62
1513979253.71	1025.73
1513979314.63	1025.72
1513979375.56	1025.67
1513979436.48	1025.72
1513979497.4	1025.76
1513979558.33	1025.80
1513979619.25	1025.84
1513979680.18	1025.84
1513979741.1	1025.83
1513979802.02	1025.91
1513979862.94	1025.90
1513979923.86	1025.84
1513979984.78	1025.75
1513980045.71	1025.84
1513980106.63	1025.82
1513980167.56	1025.75
1513980228.48	1025.77
1513980289.4	1025.76
1513980350.33	1025.75
1513980411.25	1025.67
1513980472.17	1025.68
1513980533.09	1025.68
1513980594.02	1025.71
1513980654.94	1025.69
1513980715.86	1025.73
1513980776.78	1025.81
1513980837.7	1025.73
1513980898.62	1025.72
1513980959.54	1025.68
1513981020.47	1025.65
1513981081.39	1025.67
1513981142.3	1025.76
1513981203.23	1025.80
1513981264.15	1025.76
1513981325.07	1025.74
1513981386.0	1025.65
1513981446.92	1025.70
1513981507.84	1025.66
1513981568.76	1025.62
1513981629.69	1025.60
1513981690.61	1025.63
1513981751.54	1025.63
1513981812.46	1025.60
1513981873.38	1025.62
1513981934.3	1025.58
1513981995.22	1025.55
1513982056.15	1025.49
1513982117.07	1025.41
1513982178.0	1025.38
1513982238.92	1025.39
1513982299.84	1025.39
1513982360.76	1025.37
1513982421.69	1025.43
1513982482.61	1025.43
1513982543.54	1025.42
1513982604.45	1025.42
1513982665.38	1025.41
1513982726.3	1025.43
1513982787.23	1025.53
1513982848.14	1025.51
1513982909.07	1025.45
1513982969.99	1025.50
1513983030.91	1025.37
1513983091.83	1025.46
1513983152.76	1025.41
1513983213.68	1025.43
1513983274.6	1025.39
1513983335.53	1025.45
1513983396.44	1025.36
1513983457.36	1025.33
1513983518.29	1025.28
1513983579.21	1025.38
1513983640.13	1025.33
1513983701.06	1025.32
1513983761.98	1025.35
1513983822.9	1025.26
1513983883.83	1025.25
1513983944.75	1025.27
1513984005.67	1025.28
1513984066.59	1025.26
1513984127.51	1025.21
1513984188.44	1025.20
1513984249.36	1025.20
1513984310.29	1025.21
1513984371.21	1025.19
1513984432.14	1025.16
1513984493.06	1025.15
1513984553.98	1025.10
1513984614.91	1025.04
1513984675.82	1025.01
1513984736.75	1025.10
1513984797.67	1025.11
1513984858.6	1025.13
1513984919.52	1025.11
1513984980.44	1025.16
1513985041.37	1025.14
1513985102.29	1025.11
1513985163.21	1025.10
1513985224.13	1025.10
1513985285.05	1025.07
1513985345.97	1025.10
1513985406.89	1025.09
1513985467.81	1025.12
1513985528.73	1025.19
1513985589.66	1025.13
1513985650.59	1025.06
1513985711.53	1025.02
1513985772.46	1024.88
1513985833.38	1024.91
1513985894.3	1024.91
1513985955.22	1024.96
1513986016.15	1024.99
1513986077.07	1024.97
1513986137.99	1024.98
1513986198.91	1024.91
1513986259.83	1024.87
1513986320.75	1024.89
1513986381.68	1024.88
1513986442.6	1024.88
1513986503.52	1024.82
1513986564.44	1024.82
1513986625.36	1024.88
1513986686.29	1024.89
1513986747.21	1024.82
1513986808.14	1024.90
1513986869.05	1024.98
1513986929.97	1024.90
1513986990.9	1024.87
1513987051.82	1024.88
1513987112.75	1024.94
1513987173.67	1025.00
1513987234.6	1025.04
1513987295.52	1024.94
1513987356.44	1024.96
1513987417.36	1024.92
1513987478.3	1024.98
1513987539.22	1024.99
1513987600.14	1024.94
1513987661.06	1024.89
1513987721.98	1024.82
1513987782.89	1024.76
1513987843.81	1024.79
1513987904.74	1024.75
1513987965.66	1024.78
1513988026.58	1024.77
1513988087.5	1024.80
1513988148.43	1024.78
1513988209.35	1024.73
1513988270.27	1024.77
1513988331.18	1024.76
1513988392.11	1024.70
1513988453.03	1024.74
1513988513.96	1024.72
1513988574.88	1024.70
1513988635.8	1024.64
1513988696.72	1024.62
1513988757.64	1024.64
1513988818.56	1024.65
1513988879.48	1024.62
1513988940.4	1024.70
1513989001.32	1024.73
1513989062.85	1024.70
1513989123.16	1024.71
1513989184.08	1024.65
1513989245.01	1024.70
1513989305.93	1024.68
1513989366.86	1024.65
1513989427.79	1024.65
1513989488.71	1024.66
1513989549.64	1024.69
1513989610.57	1024.68
1513989671.49	1024.74
1513989732.42	1024.67
1513989793.34	1024.68
1513989854.27	1024.67
1513989915.21	1024.67
1513989976.15	1024.60
1513990037.07	1024.57
1513990097.99	1024.64
1513990158.91	1024.60
1513990219.84	1024.58
1513990280.76	1024.58
1513990341.69	1024.55
1513990402.62	1024.45
1513990463.54	1024.46
1513990524.47	1024.43
1513990585.39	1024.40
1513990646.32	1024.32
1513990707.24	1024.37
1513990768.17	1024.23
1513990829.09	1024.20
1513990890.01	1024.19
1513990950.93	1024.13
1513991011.86	1024.16
1513991072.79	1024.26
1513991133.72	1024.23
1513991194.64	1024.27
1513991255.56	1024.38
1513991316.49	1024.32
1513991377.42	1024.30
1513991438.34	1024.31
1513991499.28	1024.24
1513991560.2	1024.27
1513991621.12	1024.16
1513991682.06	1024.16
1513991742.99	1024.13
1513991803.92	1024.09
1513991864.85	1024.15
1513991925.78	1024.18
1513991986.7	1024.27
1513992047.62	1024.20
1513992108.54	1024.20
1513992169.46	1024.19
1513992230.38	1024.15
1513992291.31	1024.20
1513992352.23	1024.18
1513992413.15	1024.22
1513992474.07	1024.24
1513992535.0	1024.21
1513992595.92	1024.18
1513992656.84	1024.14
1513992717.76	1024.12
1513992778.68	1024.03
1513992839.6	1023.98
1513992900.54	1024.06
1513992961.46	1024.08
1513993022.39	1024.06
1513993083.32	1024.13
1513993144.24	1024.09
1513993205.16	1024.16
1513993266.09	1024.17
1513993327.01	1024.12
1513993387.93	1024.03
1513993448.86	1024.03
1513993509.78	1023.98
1513993570.7	1024.00
1513993631.63	1023.98
1513993692.56	1024.04
1513993753.48	1024.08
1513993814.4	1023.97
1513993875.31	1023.90
1513993936.24	1023.92
1513993997.16	1023.89
1513994058.08	1023.93
1513994119.01	1023.90
1513994179.94	1023.86
1513994240.87	1023.90
1513994301.79	1023.87
1513994362.71	1023.90
1513994423.63	1023.90
1513994484.55	1023.85
1513994545.48	1023.90
1513994606.41	1023.95
1513994667.34	1023.91
1513994728.26	1023.90
1513994789.19	1023.83
1513994850.12	1023.80
1513994911.04	1023.82
1513994971.97	1023.83
1513995032.91	1023.78
1513995093.83	1023.80
1513995154.76	1023.84
1513995215.69	1023.75
1513995276.62	1023.73
1513995337.54	1023.79
1513995398.46	1023.80
1513995459.4	1023.83
1513995520.33	1023.93
1513995581.26	1023.92
1513995642.19	1023.89
1513995703.11	1023.90
1513995764.04	1023.79
1513995824.96	1023.76
1513995885.88	1023.80
1513995946.81	1023.77
1513996007.73	1023.78
1513996068.65	1023.73
1513996129.58	1023.72
1513996190.5	1023.73
1513996251.42	1023.75
1513996312.34	1023.64
1513996373.26	1023.71
1513996434.19	1023.72
1513996495.11	1023.69
1513996556.03	1023.75
1513996616.96	1023.76
1513996677.88	1023.76
1513996738.81	1023.71
1513996799.74	1023.69
1513996860.67	1023.64
1513996921.6	1023.65
1513996982.52	1023.55
1513997043.46	1023.41
1513997104.38	1023.48
1513997165.32	1023.42
1513997226.24	1023.40
1513997287.17	1023.36
1513997348.09	1023.30
1513997409.02	1023.22
1513997469.94	1023.20
1513997530.86	1023.14
1513997591.78	1023.17
1513997652.71	1023.19
1513997713.63	1023.26
1513997774.56	1023.27
1513997835.48	1023.34
1513997896.4	1023.32
1513997957.33	1023.42
1513998018.25	1023.35
1513998079.18	1023.37
1513998140.1	1023.33
1513998201.02	1023.24
1513998261.94	1023.15
1513998322.87	1023.15
1513998383.78	1023.03
1513998444.71	1023.15
1513998505.63	1023.16
1513998566.55	1023.16
1513998627.48	1023.28
1513998688.41	1023.27
1513998749.34	1023.28
1513998810.27	1023.31
1513998871.2	1023.28
1513998932.13	1023.29
1513998993.06	1023.31
1513999054.0	1023.33
1513999114.92	1023.30
1513999175.86	1023.32
1513999236.79	1023.32
1513999297.72	1023.32
1513999358.66	1023.33
1513999419.59	1023.27
1513999480.52	1023.32
1513999541.45	1023.36
1513999602.37	1023.29
1513999663.3	1023.17
1513999724.22	1023.13
1513999785.15	1023.11
1513999846.07	1023.06
1513999906.99	1023.12
1513999967.93	1023.26
1514000028.86	1023.28
1514000089.8	1023.35
1514000150.72	1023.34
1514000211.66	1023.44
1514000272.59	1023.47
1514000333.52	1023.41
1514000394.46	1023.41
1514000455.4	1023.32
1514000516.33	1023.38
1514000577.25	1023.43
1514000638.18	1023.53
1514000699.1	1023.46
1514000760.02	1023.49
1514000820.95	1023.53
1514000881.87	1023.57
1514000942.79	1023.63
1514001003.71	1023.64
1514001064.64	1023.63
1514001125.57	1023.68
1514001186.49	1023.71
1514001247.41	1023.66
1514001308.33	1023.64
1514001369.26	1023.67
1514001430.19	1023.64
1514001491.11	1023.68
1514001552.02	1023.62
1514001612.93	1023.62
1514001673.84	1023.57
1514001734.77	1023.55
1514001795.68	1023.47
1514001856.61	1023.44
1514001917.55	1023.45
1514001978.47	1023.48
1514002039.4	1023.34
1514002100.33	1023.33
1514002161.26	1023.19
1514002222.19	1023.18
1514002283.13	1023.13
1514002344.05	1023.11
1514002404.97	1023.10
1514002465.9	1023.08
1514002526.83	1023.04
1514002587.76	1023.10
1514002648.68	1023.17
1514002709.61	1023.17
1514002770.53	1023.21
1514002831.45	1023.18
1514002892.36	1023.11
1514002953.29	1023.14
1514003014.22	1023.15
1514003075.15	1023.18
1514003136.07	1023.17
1514003197.0	1023.13
1514003257.93	1023.14
1514003318.85	1023.09
1514003379.78	1023.08
1514003440.71	1023.14
1514003501.64	1023.15
1514003562.57	1023.21
1514003623.5	1023.20
1514003684.43	1023.18
1514003745.35	1023.15
1514003806.29	1023.11
1514003867.22	1023.16
1514003928.15	1023.21
1514003989.09	1023.23
1514004050.03	1023.23
1514004110.95	1023.24
1514004171.88	1023.23
1514004232.81	1023.21
1514004293.73	1023.19
1514004354.65	1023.13
1514004415.58	1023.12
1514004476.51	1023.05
1514004537.44	1023.08
1514004598.36	1023.10
1514004659.3	1023.12
1514004720.23	1023.13
1514004781.16	1023.12
1514004842.09	1023.06
1514004903.02	1023.13
1514004963.95	1023.02
1514005024.88	1022.98
1514005085.81	1022.99
1514005146.74	1022.99
1514005207.66	1022.97
1514005268.59	1022.94
1514005329.51	1022.96
1514005390.44	1023.00
1514005451.37	1023.03
1514005512.3	1023.09
1514005573.23	1023.18
1514005634.16	1023.20
1514005695.09	1023.21
1514005756.01	1023.20
1514005816.95	1023.27
1514005877.88	1023.22
1514005938.81	1023.21
1514005999.75	1023.22
1514006060.68	1023.19
1514006121.62	1023.22
1514006182.54	1023.26
1514006243.47	1023.21
1514006304.41	1023.30
1514006365.34	1023.21
1514006426.27	1023.21
1514006487.2	1023.26
1514006548.13	1023.24
1514006609.06	1023.29
1514006669.99	1023.29
1514006730.91	1023.25
1514006791.84	1023.26
1514006852.78	1023.18
1514006913.71	1023.21
1514006974.65	1023.20
1514007035.58	1023.26
1514007096.5	1023.28
1514007157.43	1023.25
1514007218.35	1023.30
1514007279.29	1023.28
1514007340.22	1023.31
1514007401.15	1023.36
1514007462.09	1023.26
1514007523.01	1023.23
1514007583.94	1023.19
1514007644.86	1023.21
1514007705.79	1023.12
1514007766.71	1023.16
1514007827.63	1023.16
1514007888.53	1023.18
1514007949.45	1023.14
1514008010.37	1023.10
1514008071.31	1023.12
1514008132.23	1023.11
1514008193.16	1023.14
1514008254.09	1023.19
1514008315.03	1023.24
1514008375.95	1023.17
1514008436.87	1023.17
1514008497.78	1023.25
1514008558.69	1023.21
1514008619.61	1023.27
1514008680.54	1023.28
1514008741.47	1023.24
1514008802.4	1023.19
1514008863.34	1023.14
1514008924.27	1023.14
1514008985.19	1023.08
1514009046.12	1023.13
1514009107.06	1023.09
1514009167.99	1023.18
1514009228.93	1023.12
1514009289.85	1023.16
1514009350.78	1023.16
1514009411.71	1023.12
1514009472.64	1023.06
1514009533.57	1023.20
1514009594.49	1023.18
1514009655.42	1023.12
1514009716.35	1023.06
1514009777.27	1023.12
1514009838.2	1022.98
1514009899.13	1023.04
1514009960.06	1023.08
1514010020.99	1023.02
1514010081.91	1022.99
1514010142.85	1022.91
1514010203.78	1022.91
1514010264.71	1022.91
1514010325.64	1022.93
1514010386.57	1023.05
1514010447.5	1022.98
1514010508.42	1022.98
1514010569.35	1022.95
1514010630.28	1023.02
1514010691.21	1023.07
1514010752.15	1023.07
1514010813.08	1023.09
1514010874.01	1023.09
1514010934.94	1023.07
1514010995.87	1023.13
1514011056.8	1023.09
1514011117.72	1023.14
1514011178.65	1023.12
1514011239.57	1022.99
1514011300.5	1023.02
1514011361.41	1023.07
1514011422.34	1023.10
1514011483.26	1023.07
1514011544.18	1023.08
1514011605.1	1023.09
1514011666.04	1023.10
1514011726.96	1023.09
1514011787.89	1023.08
1514011848.82	1023.14
1514011909.74	1023.06
1514011970.67	1023.06
1514012031.59	1023.05
1514012092.51	1023.19
1514012153.44	1023.22
1514012214.36	1023.26
1514012275.27	1023.35
1514012336.19	1023.40
1514012397.12	1023.40
1514012458.04	1023.43
1514012518.96	1023.46
1514012579.88	1023.49
1514012640.8	1023.51
1514012701.73	1023.54
1514012762.66	1023.58
1514012823.58	1023.60
1514012884.5	1023.56
1514012945.43	1023.45
1514013006.34	1023.43
1514013067.27	1023.38
1514013128.2	1023.35
1514013189.12	1023.39
1514013250.05	1023.39
1514013310.99	1023.47
1514013371.92	1023.49
1514013432.85	1023.51
1514013493.78	1023.50
1514013554.69	1023.49
1514013615.6	1023.51
1514013676.5	1023.44
1514013737.41	1023.52
1514013798.33	1023.46
1514013859.25	1023.47
1514013920.16	1023.52
1514013981.08	1023.52
1514014042.0	1023.69
1514014102.94	1023.72
1514014163.88	1023.71
1514014224.8	1023.62
1514014285.72	1023.55
1514014346.64	1023.44
1514014407.57	1023.42
1514014468.5	1023.42
1514014529.41	1023.45
1514014590.33	1023.53
1514014651.25	1023.54
1514014712.16	1023.48
1514014773.09	1023.50
1514014834.02	1023.37
1514014894.96	1023.28
1514014955.87	1023.29
1514015016.79	1023.29
1514015077.73	1023.29
1514015138.65	1023.34
1514015199.56	1023.28
1514015260.49	1023.28
1514015321.42	1023.37
1514015382.35	1023.36
1514015443.28	1023.35
1514015504.2	1023.44
1514015565.12	1023.39
1514015626.05	1023.45
1514015686.98	1023.43
1514015747.9	1023.35
1514015808.83	1023.39
1514015869.76	1023.34
1514015930.69	1023.43
1514015991.62	1023.43
1514016052.54	1023.35
1514016113.47	1023.26
1514016174.39	1023.14
1514016235.31	1023.12
1514016296.24	1023.03
1514016357.17	1023.03
1514016418.09	1023.04
1514016479.02	1022.99
1514016539.94	1023.03
1514016600.87	1022.99
1514016661.8	1023.01
1514016722.73	1023.03
1514016783.64	1023.07
1514016844.56	1023.08
1514016905.49	1023.15
1514016966.41	1023.19
1514017027.33	1023.25
1514017088.25	1023.28
1514017149.17	1023.32
1514017210.09	1023.26
1514017271.02	1023.14
1514017331.94	1023.14
1514017392.86	1023.07
1514017453.79	1023.07
1514017514.71	1023.05
1514017575.63	1023.01
1514017636.56	1022.96
1514017697.48	1022.96
1514017758.41	1022.96
1514017819.33	1022.85
1514017880.26	1022.79
1514017941.2	1022.75
1514018002.13	1022.79
1514018063.07	1022.78
1514018124.0	1022.82
1514018184.93	1022.82
1514018245.86	1022.77
1514018306.78	1022.73
1514018367.71	1022.65
1514018428.64	1022.65
1514018489.56	1022.67
1514018550.49	1022.58
1514018611.41	1022.59
1514018672.34	1022.50
1514018733.27	1022.46
1514018794.19	1022.48
1514018855.11	1022.50
1514018916.04	1022.60
1514018976.98	1022.66
1514019037.91	1022.67
1514019098.84	1022.64
1514019159.76	1022.54
1514019220.7	1022.49
1514019281.63	1022.56
1514019342.56	1022.59
1514019403.49	1022.60
1514019464.42	1022.51
1514019525.34	1022.48
1514019586.27	1022.41
1514019647.2	1022.38
1514019708.12	1022.39
1514019769.04	1022.36
1514019829.96	1022.44
1514019890.88	1022.48
1514019951.81	1022.51
1514020012.73	1022.48
1514020073.65	1022.42
1514020134.58	1022.33
1514020195.51	1022.35
1514020256.44	1022.33
1514020317.37	1022.31
1514020378.29	1022.25
1514020439.22	1022.15
1514020500.14	1022.08
1514020561.07	1022.10
1514020621.99	1022.03
1514020682.91	1021.95
1514020743.85	1021.94
1514020804.78	1021.96
1514020865.7	1021.99
1514020926.63	1022.06
1514020987.56	1022.07
1514021048.48	1022.22
1514021109.4	1022.22
1514021170.32	1022.28
1514021231.24	1022.28
1514021292.16	1022.23
1514021353.08	1022.18
1514021414.0	1022.03
1514021474.92	1022.00
1514021535.85	1021.96
1514021596.78	1022.01
1514021657.71	1022.02
1514021718.63	1021.97
1514021779.55	1021.89
1514021840.48	1021.83
1514021901.4	1021.79
1514021962.32	1021.91
1514022023.25	1021.90
1514022084.17	1021.97
1514022145.08	1021.96
1514022206.01	1021.98
1514022266.93	1022.07
1514022327.85	1022.20
1514022388.78	1022.17
1514022449.7	1022.18
1514022510.62	1022.17
1514022571.54	1022.13
1514022632.46	1022.08
1514022693.39	1022.09
1514022754.32	1022.14
1514022815.24	1022.12
1514022876.17	1022.06
1514022937.09	1022.07
1514022998.02	1022.00
1514023058.94	1022.04
1514023119.86	1022.04
1514023180.78	1022.00
1514023241.7	1022.09
1514023302.62	1022.09
1514023363.54	1022.15
1514023424.47	1022.20
1514023485.39	1022.21
1514023546.31	1022.20
1514023607.23	1022.19
1514023668.15	1022.13
1514023729.07	1022.09
1514023790.0	1021.90
1514023850.92	1021.95
1514023911.85	1021.96
1514023972.77	1022.07
1514024033.69	1022.08
1514024094.61	1022.11
1514024155.54	1022.14
1514024216.46	1022.08
1514024277.39	1021.96
1514024338.31	1021.82
1514024399.24	1021.69
1514024460.16	1021.56
1514024521.08	1021.55
1514024582.0	1021.49
1514024642.92	1021.45
1514024703.84	1021.44
1514024764.76	1021.43
1514024825.69	1021.41
1514024886.61	1021.45
1514024947.53	1021.50
1514025008.45	1021.46
1514025069.37	1021.43
1514025130.29	1021.42
1514025191.21	1021.46
1514025252.14	1021.50
1514025313.06	1021.57
1514025373.98	1021.54
1514025434.9	1021.50
1514025495.83	1021.49
1514025556.75	1021.47
1514025617.67	1021.54
1514025678.6	1021.56
1514025739.52	1021.53
1514025800.44	1021.47
1514025861.36	1021.42
1514025922.29	1021.37
1514025983.21	1021.41
1514026044.13	1021.50
1514026105.05	1021.55
1514026165.98	1021.51
1514026226.9	1021.46
1514026287.82	1021.44
1514026348.74	1021.47
1514026409.66	1021.42
1514026470.59	1021.40
1514026531.52	1021.38
1514026592.43	1021.33
1514026653.36	1021.29
1514026714.28	1021.31
1514026775.2	1021.29
1514026836.12	1021.28
1514026897.04	1021.37
1514026957.97	1021.44
1514027018.88	1021.56
1514027079.8	1021.57
1514027140.73	1021.63
1514027201.65	1021.65
1514027262.57	1021.69
1514027323.5	1021.64
1514027384.42	1021.60
1514027445.34	1021.72
1514027506.27	1021.79
1514027567.19	1021.71
1514027628.11	1021.68
1514027689.03	1021.66
1514027749.96	1021.60
1514027810.88	1021.55
1514027871.81	1021.55
1514027932.73	1021.58
1514027993.65	1021.62
1514028054.57	1021.64
1514028115.49	1021.53
1514028176.41	1021.54
1514028237.34	1021.45
1514028298.26	1021.38
1514028359.18	1021.34
1514028420.1	1021.37
1514028481.03	1021.42
1514028541.95	1021.44
1514028602.87	1021.43
1514028663.79	1021.35
1514028724.71	1021.36
1514028785.63	1021.39
1514028846.55	1021.37
1514028907.48	1021.29
1514028968.41	1021.30
1514029029.34	1021.33
1514029090.27	1021.28
1514029151.2	1021.19
1514029212.12	1021.18
1514029273.04	1021.10
1514029333.96	1021.08
1514029394.89	1021.11
1514029455.81	1021.06
1514029516.74	1021.03
1514029577.66	1021.06
1514029638.58	1021.11
1514029699.51	1021.13
1514029760.43	1021.13
1514029821.35	1021.09
1514029882.28	1021.02
1514029943.2	1021.02
1514030004.12	1021.02
1514030065.04	1020.98
1514030125.96	1020.91
1514030186.89	1020.90
1514030247.81	1020.92
1514030308.74	1020.88
1514030369.65	1020.97
1514030430.57	1020.95
1514030491.49	1020.88
1514030552.41	1020.81
1514030613.33	1020.85
1514030674.25	1020.80
1514030735.17	1020.80
1514030796.1	1020.74
1514030857.02	1020.72
1514030917.95	1020.76
1514030978.87	1020.65
1514031039.8	1020.69
1514031100.72	1020.73
1514031161.64	1020.75
1514031222.56	1020.79
1514031283.49	1020.81
1514031344.41	1020.80
1514031405.33	1020.78
1514031466.26	1020.72
1514031527.18	1020.67
1514031588.11	1020.64
1514031649.03	1020.63
1514031709.95	1020.49
1514031770.88	1020.42
1514031831.8	1020.37
1514031892.72	1020.38
1514031953.64	1020.41
1514032014.57	1020.45
1514032075.49	1020.44
1514032136.41	1020.42
1514032197.33	1020.34
1514032258.26	1020.38
1514032319.18	1020.36
1514032380.11	1020.27
1514032441.02	1020.25
1514032501.95	1020.23
1514032562.88	1020.21
1514032623.81	1020.24
1514032684.75	1020.24
1514032745.67	1020.34
1514032806.6	1020.33
1514032867.53	1020.39
1514032928.46	1020.49
1514032989.38	1020.56
1514033050.3	1020.58
1514033111.22	1020.57
1514033172.15	1020.51
1514033233.07	1020.45
1514033293.99	1020.46
1514033354.92	1020.38
1514033415.84	1020.43
1514033476.76	1020.47
1514033537.68	1020.44
1514033598.6	1020.47
1514033659.53	1020.46
1514033720.45	1020.44
1514033781.37	1020.43
1514033842.3	1020.40
1514033903.22	1020.36
1514033964.15	1020.27
1514034025.07	1020.34
1514034085.99	1020.23
1514034146.92	1020.22
1514034207.84	1020.21
1514034268.77	1020.14
1514034329.69	1020.16
1514034390.61	1020.13
1514034451.53	1020.15
1514034512.45	1020.16
1514034573.37	1020.08
1514034634.29	1020.10
1514034695.21	1020.13
1514034756.13	1020.12
1514034817.05	1020.01
1514034877.97	1020.06
1514034938.9	1020.05
1514034999.82	1020.06
1514035060.75	1020.07
1514035121.67	1020.04
1514035182.59	1020.02
1514035243.52	1019.99
1514035304.44	1019.95
1514035365.37	1020.01
1514035426.29	1020.08
1514035487.21	1020.04
1514035548.13	1020.01
1514035609.06	1020.02
1514035669.98	1019.95
1514035730.9	1019.88
1514035791.83	1019.92
1514035852.75	1019.88
1514035913.67	1019.84
1514035974.6	1019.89
1514036035.52	1019.86
1514036096.44	1019.94
1514036157.36	1019.99
1514036218.28	1019.93
1514036279.2	1019.98
1514036340.13	1020.01
1514036401.05	1020.05
1514036461.97	1020.09
1514036522.89	1020.06
1514036583.82	1019.99
1514036644.74	1020.04
1514036705.66	1019.98
1514036766.59	1020.00
1514036827.51	1020.06
1514036888.43	1020.01
1514036949.36	1020.00
1514037010.28	1020.03
1514037071.2	1019.98
1514037132.13	1020.03
1514037193.04	1019.96
1514037253.96	1020.00
1514037314.89	1020.03
1514037375.81	1019.98
1514037436.73	1019.90
1514037497.65	1019.86
1514037558.58	1019.80
1514037619.5	1019.86
1514037680.43	1019.80
1514037741.35	1019.77
1514037802.27	1019.75
1514037863.19	1019.79
1514037924.11	1019.72
1514037985.03	1019.80
1514038045.95	1019.84
1514038106.88	1019.76
1514038167.81	1019.68
1514038228.73	1019.63
1514038289.65	1019.57
1514038350.58	1019.42
1514038411.5	1019.39
1514038472.42	1019.37
1514038533.34	1019.31
1514038594.27	1019.26
1514038655.19	1019.21
1514038716.12	1019.22
1514038777.04	1019.27
1514038837.96	1019.30
1514038898.89	1019.21
1514038959.81	1019.19
1514039020.73	1019.30
1514039081.65	1019.24
1514039142.57	1019.23
1514039203.49	1019.18
1514039264.42	1019.15
1514039325.34	1019.12
1514039386.27	1019.05
1514039447.19	1018.98
1514039508.11	1018.95
1514039569.03	1018.96
1514039629.96	1018.87
1514039690.88	1018.81
1514039751.81	1018.80
1514039812.73	1018.82
1514039873.65	1018.76
1514039934.57	1018.77
1514039995.49	1018.84
1514040056.42	1018.88
1514040117.33	1018.87
1514040178.25	1018.82
1514040239.17	1018.76
1514040300.09	1018.75
1514040361.02	1018.80
1514040421.95	1018.84
1514040482.88	1018.86
1514040543.8	1018.83
1514040604.72	1018.91
1514040665.65	1018.97
1514040726.57	1019.00
1514040787.5	1018.95
1514040848.43	1018.93
1514040909.35	1018.88
1514040970.28	1018.88
1514041031.2	1018.87
1514041092.13	1018.88
1514041153.05	1018.88
1514041213.97	1018.86
1514041274.89	1018.77
1514041335.82	1018.75
1514041396.74	1018.53
1514041457.67	1018.42
1514041518.59	1018.26
1514041579.5	1018.18
1514041640.43	1017.95
1514041701.35	1017.84
1514041762.28	1017.64
1514041823.2	1017.60
1514041884.12	1017.51
1514041945.05	1017.52
1514042005.97	1017.47
1514042066.89	1017.49
1514042127.82	1017.57
1514042188.74	1017.66
1514042249.66	1017.66
1514042310.59	1017.78
1514042371.5	1017.77
1514042432.42	1017.83
1514042493.34	1017.79
1514042554.27	1017.80
1514042615.19	1017.83
1514042676.12	1017.88
1514042737.05	1018.00
1514042797.97	1018.07
1514042858.89	1018.13
1514042919.82	1018.18
1514042980.74	1018.16
1514043041.68	1018.08
1514043102.61	1018.05
1514043163.54	1018.05
1514043224.47	1018.00
1514043285.4	1017.90
1514043346.32	1017.82
1514043407.25	1017.52
1514043468.17	1017.37
1514043529.1	1017.36
1514043590.03	1017.31
1514043650.96	1017.34
1514043711.89	1017.17
1514043772.8	1017.05
1514043833.73	1016.91
1514043894.65	1016.84
1514043955.57	1016.82
1514044016.5	1016.79
1514044077.44	1016.93
1514044138.37	1016.90
1514044199.29	1016.87
1514044260.22	1016.86
1514044321.14	1016.81
1514044382.07	1016.86
1514044443.0	1016.94
1514044503.92	1016.95
1514044564.85	1016.86
1514044625.78	1016.77
1514044686.72	1016.66
1514044747.66	1016.59
1514044808.59	1016.28
1514044869.51	1016.03
1514044930.44	1015.80
1514044991.37	1015.70
1514045052.3	1015.72
1514045113.22	1015.73
1514045174.15	1015.60
1514045235.08	1015.54
1514045296.01	1015.54
1514045356.94	1015.61
1514045417.86	1015.49
1514045478.79	1015.27
1514045539.71	1015.02
1514045600.63	1015.02
1514045661.55	1015.14
1514045722.47	1014.96
1514045783.4	1014.63
1514045844.32	1014.41
1514045905.24	1014.24
1514045966.16	1014.14
1514046027.08	1014.08
1514046088.0	1014.15
1514046148.93	1014.19
1514046209.85	1014.09
1514046270.78	1013.95
1514046331.7	1013.96
1514046392.63	1013.98
1514046453.55	1013.90
1514046514.47	1013.83
1514046575.39	1013.71
1514046636.31	1013.68
1514046697.23	1013.75
1514046758.16	1013.75
1514046819.08	1013.91
1514046880.01	1013.94
1514046940.93	1013.98
1514047001.85	1014.05
1514047062.78	1013.99
1514047123.7	1013.96
1514047184.62	1013.93
1514047245.55	1013.88
1514047306.47	1013.94
1514047367.39	1014.00
1514047428.32	1014.04
1514047489.24	1013.88
1514047550.16	1013.68
1514047611.09	1013.65
1514047672.02	1013.54
1514047732.94	1013.52
1514047793.86	1013.54
1514047854.79	1013.53
1514047915.71	1013.49
1514047976.64	1013.39
1514048037.57	1013.34
1514048098.48	1013.24
1514048159.4	1013.24
1514048220.32	1013.30
1514048281.25	1013.35
1514048342.17	1013.36
1514048403.1	1013.37
1514048464.03	1013.32
1514048524.95	1013.27
1514048585.87	1013.11
1514048646.8	1013.15
1514048707.72	1013.14
1514048768.64	1013.11
1514048829.57	1013.03
1514048890.5	1012.85
1514048951.43	1012.70
1514049012.36	1012.72
1514049073.29	1012.79
1514049134.22	1012.83
1514049195.14	1012.75
1514049256.07	1012.77
1514049317.0	1012.82
1514049377.92	1012.83
1514049438.85	1012.86
1514049499.77	1012.77
1514049560.7	1012.72
1514049621.62	1012.72
1514049682.55	1012.74
1514049743.47	1012.71
1514049804.39	1012.63
1514049865.32	1012.66
1514049926.24	1012.64
1514049987.17	1012.60
1514050048.09	1012.62
1514050109.02	1012.61
1514050169.95	1012.65
1514050230.87	1012.62
1514050291.8	1012.68
1514050352.71	1012.63
1514050413.63	1012.63
1514050474.55	1012.60
1514050535.47	1012.61
1514050596.41	1012.62
1514050657.34	1012.48
1514050718.26	1012.38
1514050779.19	1012.23
1514050840.11	1012.15
1514050901.04	1012.04
1514050961.96	1011.93
1514051022.88	1011.87
1514051083.8	1011.90
1514051144.73	1011.87
1514051205.64	1011.85
1514051266.56	1011.75
1514051327.49	1011.66
1514051388.41	1011.51
1514051449.33	1011.43
1514051510.25	1011.32
1514051571.18	1011.23
1514051632.1	1011.15
1514051693.02	1011.15
1514051753.94	1011.07
1514051814.86	1011.04
1514051875.79	1011.00
1514051936.71	1010.89
1514051997.63	1010.86
1514052058.56	1010.82
1514052119.48	1010.72
1514052180.4	1010.56
1514052241.32	1010.49
1514052302.25	1010.47
1514052363.17	1010.45
1514052424.1	1010.47
1514052485.02	1010.46
1514052545.94	1010.43
1514052606.86	1010.36
1514052667.78	1010.29
1514052728.71	1010.35
1514052789.63	1010.31
1514052850.55	1010.34
1514052911.47	1010.21
1514052972.4	1010.12
1514053033.32	1010.09
1514053094.25	1010.04
1514053155.17	1009.96
1514053216.09	1009.83
1514053277.01	1009.87
1514053337.93	1009.90
1514053398.85	1009.82
1514053459.77	1009.71
1514053520.7	1009.54
1514053581.63	1009.55
1514053642.55	1009.71
1514053703.47	1009.66
1514053764.39	1009.52
1514053825.31	1009.41
1514053886.24	1009.49
1514053947.16	1009.60
1514054008.08	1009.41
1514054069.01	1009.28
1514054129.93	1009.13
1514054190.85	1009.15
1514054251.77	1009.18
1514054312.7	1009.08
1514054373.62	1008.96
1514054434.55	1008.85
1514054495.47	1008.88
1514054556.4	1008.83
1514054617.32	1008.86
1514054678.24	1008.88
1514054739.17	1008.79
1514054800.09	1008.70
1514054861.01	1008.67
1514054921.93	1008.64
1514054982.85	1008.63
1514055043.77	1008.65
1514055104.69	1008.69
1514055165.62	1008.66
1514055226.54	1008.67
1514055287.46	1008.66
1514055348.38	1008.57
1514055409.31	1008.52
1514055470.23	1008.45
1514055531.15	1008.40
1514055592.08	1008.41
1514055653.0	1008.43
1514055713.93	1008.35
1514055774.84	1008.41
1514055835.77	1008.43
1514055896.69	1008.27
1514055957.61	1008.34
1514056018.53	1008.30
1514056079.45	1008.29
1514056140.38	1008.31
1514056201.31	1008.26
1514056262.23	1008.16
1514056323.16	1007.99
1514056384.09	1008.03
1514056445.02	1008.03
1514056505.94	1007.97
1514056566.87	1007.90
1514056627.79	1007.90
1514056688.71	1007.85
1514056749.64	1007.87
1514056810.57	1007.92
1514056871.5	1007.86
1514056932.41	1007.62
1514056993.35	1007.59
1514057054.28	1007.60
1514057115.21	1007.54
1514057176.14	1007.53
1514057237.07	1007.48
1514057298.01	1007.52
1514057358.93	1007.43
1514057419.86	1007.23
1514057480.8	1007.35
1514057541.74	1007.45
1514057602.68	1007.41
1514057663.61	1007.36
1514057724.53	1007.25
1514057785.47	1007.28
1514057846.4	1007.25
1514057907.32	1007.16
1514057968.25	1007.02
1514058029.19	1006.84
1514058090.12	1006.81
1514058151.05	1006.99
1514058211.98	1007.10
1514058272.91	1007.04
1514058333.84	1006.88
1514058394.78	1006.73
1514058455.7	1006.81
1514058516.63	1006.88
1514058577.55	1007.02
1514058638.47	1007.10
1514058699.4	1006.94
1514058760.34	1006.76
1514058821.27	1006.57
1514058882.2	1006.57
1514058943.13	1006.68
1514059004.07	1006.63
1514059065.0	1006.72
1514059125.93	1006.64
1514059186.87	1006.67
1514059247.79	1006.57
1514059308.72	1006.38
1514059369.64	1006.29
1514059430.57	1006.29
1514059491.49	1006.45
1514059552.42	1006.56
1514059613.34	1006.44
1514059674.26	1006.37
1514059735.19	1006.21
1514059796.11	1006.22
1514059857.04	1006.18
1514059917.96	1006.02
1514059978.89	1005.77
1514060039.81	1005.67
1514060100.73	1005.50
1514060161.66	1005.21
1514060222.59	1005.11
1514060283.51	1005.35
1514060344.44	1005.68
1514060405.37	1005.70
1514060466.3	1005.32
1514060527.24	1005.19
1514060588.17	1005.16
1514060649.1	1005.41
1514060710.03	1005.76
1514060770.95	1005.67
1514060831.87	1005.48
1514060892.79	1005.38
1514060953.72	1005.40
1514061014.64	1005.39
1514061075.56	1005.34
1514061136.49	1005.41
1514061197.41	1005.55
1514061258.34	1005.78
1514061319.25	1005.59
1514061380.18	1005.46
1514061441.11	1005.44
1514061502.02	1005.61
1514061562.95	1005.44
1514061623.87	1005.44
1514061684.79	1005.42
1514061745.71	1005.47
1514061806.63	1005.51
1514061867.56	1005.50
1514061928.48	1005.51
1514061989.4	1005.51
1514062050.32	1005.39
1514062111.24	1005.33
1514062172.16	1005.37
1514062233.09	1005.40
1514062294.01	1005.37
1514062354.93	1005.31
1514062415.85	1005.25
1514062476.77	1005.19
1514062537.69	1005.14
1514062598.61	1005.08
1514062659.53	1005.06
1514062720.46	1005.06
1514062781.38	1005.05
1514062842.3	1005.06
1514062903.22	1005.09
1514062964.14	1005.16
1514063025.06	1005.13
1514063085.98	1005.15
1514063146.9	1005.15
1514063207.83	1005.12
1514063268.76	1005.11
1514063329.68	1005.23
1514063390.6	1005.24
1514063451.52	1005.39
1514063512.44	1005.55
1514063573.36	1005.48
1514063634.28	1005.36
1514063695.2	1005.32
1514063756.12	1005.53
1514063817.05	1005.48
1514063877.97	1005.36
1514063938.89	1005.29
1514063999.81	1005.28
1514064060.73	1005.22
1514064121.65	1005.17
1514064182.57	1005.23
1514064243.5	1005.12
1514064304.42	1005.05
1514064365.34	1005.06
1514064426.26	1004.94
1514064487.18	1004.90
1514064548.1	1004.88
1514064609.02	1004.88
1514064669.95	1004.79
1514064730.87	1004.80
1514064791.79	1004.81
1514064852.72	1004.81
1514064913.64	1004.69
1514064974.56	1004.74
1514065035.49	1004.82
1514065096.42	1004.89
1514065157.35	1004.91
1514065218.27	1004.92
1514065279.2	1004.77
1514065340.13	1004.84
1514065401.06	1004.87
1514065461.98	1004.96
1514065522.91	1004.94
1514065583.84	1004.86
1514065644.76	1004.87
1514065705.68	1004.89
1514065766.61	1004.86
1514065827.54	1004.95
1514065888.47	1004.93
1514065949.4	1004.85
1514066010.34	1004.94
1514066071.26	1004.87
1514066132.18	1004.92
1514066193.11	1004.97
1514066254.05	1004.99
1514066314.98	1004.96
1514066375.91	1004.94
1514066436.85	1004.90
1514066497.78	1004.95
1514066558.71	1004.98
1514066619.64	1004.97
1514066680.56	1004.89
1514066741.47	1004.92
1514066802.38	1004.84
1514066863.31	1004.88
1514066924.24	1004.83
1514066985.17	1004.78
1514067046.09	1004.74
1514067107.02	1004.67
1514067167.94	1004.69
1514067228.87	1004.76
1514067289.8	1004.75
1514067350.74	1004.74
1514067411.67	1004.79
1514067472.6	1004.84
1514067533.52	1004.79
1514067594.45	1004.78
1514067655.38	1004.82
1514067716.31	1004.87
1514067777.24	1004.83
1514067838.15	1004.85
1514067899.05	1004.86
1514067959.95	1004.74
1514068020.86	1004.72
1514068081.77	1004.69
1514068142.69	1004.77
1514068203.61	1004.80
1514068264.55	1004.86
1514068325.48	1004.85
1514068386.41	1004.90
1514068447.35	1004.99
1514068508.28	1005.03
1514068569.21	1005.00
1514068630.14	1005.07
1514068691.06	1005.01
1514068751.98	1005.06
1514068812.92	1005.14
1514068873.84	1005.15
1514068934.77	1005.17
1514068995.7	1005.17
1514069056.64	1005.17
1514069117.57	1005.21
1514069178.51	1005.26
1514069239.45	1005.19
1514069300.37	1005.11
1514069361.31	1005.06
1514069422.24	1005.11
1514069483.16	1005.14
1514069544.08	1005.16
1514069605.02	1005.18
1514069665.95	1005.14
1514069726.88	1005.29
1514069787.81	1005.27
1514069848.74	1005.26
1514069909.67	1005.30
1514069970.6	1005.30
1514070031.54	1005.28
1514070092.47	1005.33
1514070153.38	1005.38
1514070214.31	1005.31
1514070275.23	1005.40
1514070336.16	1005.33
1514070397.09	1005.31
1514070458.01	1005.32
1514070518.94	1005.12
1514070580.92	1005.14
1514070642.04	1005.25
1514070702.96	1005.26
1514070763.88	1005.03
1514070824.82	1004.98
1514070885.76	1005.05
1514070946.68	1005.07
1514071007.6	1004.94
1514071068.51	1004.91
1514071129.42	1005.02
1514071190.34	1005.14
1514071251.26	1005.10
1514071312.19	1005.24
1514071373.11	1005.32
1514071434.04	1005.31
1514071494.97	1005.25
1514071555.88	1005.26
1514071616.8	1005.30
1514071677.69	1005.35
1514071738.59	1005.32
1514071799.51	1005.27
1514071860.43	1005.31
1514071921.34	1005.33
1514071982.27	1005.33
1514072043.17	1005.40
1514072104.07	1005.38
1514072164.96	1005.42
1514072225.86	1005.52
1514072286.76	1005.58
1514072347.65	1005.60
1514072408.55	1005.60
1514072469.46	1005.56
1514072530.38	1005.59
1514072591.29	1005.77
1514072652.21	1005.81
1514072713.14	1005.85
1514072774.06	1005.84
1514072834.99	1005.79
1514072895.92	1005.79
1514072956.84	1005.86
1514073017.77	1005.80
1514073078.7	1005.89
1514073139.63	1006.00
1514073200.57	1006.13
1514073261.51	1005.93
1514073322.43	1006.04
1514073383.36	1006.05
1514073444.28	1006.07
1514073505.2	1006.01
1514073566.12	1005.94
1514073627.04	1006.02
1514073687.96	1006.09
1514073748.9	1006.14
1514073809.83	1005.98
1514073870.75	1005.96
1514073931.69	1005.91
1514073992.61	1005.86
1514074053.53	1005.90
1514074114.47	1005.73
1514074175.39	1005.64
1514074236.32	1005.54
1514074297.25	1005.44
1514074358.19	1005.33
1514074419.09	1005.25
1514074480.01	1005.13
1514074540.92	1004.92
1514074601.83	1005.09
1514074662.72	1005.30
1514074723.62	1005.33
1514074784.54	1005.61
1514074845.44	1005.71
1514074906.35	1005.78
1514074967.27	1005.89
1514075028.18	1005.90
1514075089.09	1005.84
1514075149.99	1005.72
1514075210.88	1005.63
1514075271.78	1005.60
1514075332.66	1005.66
1514075393.55	1005.67
1514075454.43	1005.66
1514075515.32	1005.64
1514075576.2	1005.57
1514075637.09	1005.52
1514075697.97	1005.49
1514075758.86	1005.55
1514075819.74	1005.57
1514075880.63	1005.65
1514075941.51	1005.77
1514076002.4	1005.99
1514076063.29	1006.09
1514076124.19	1006.12
1514076185.07	1006.20
1514076245.96	1006.28
1514076306.85	1006.31
1514076367.74	1006.31
1514076428.64	1006.18
1514076489.55	1006.26
1514076550.45	1006.27
1514076611.37	1006.40
1514076672.3	1006.33
1514076733.21	1006.34
1514076794.12	1006.25
1514076855.03	1006.25
1514076915.94	1006.27
1514076976.84	1006.37
1514077037.75	1006.36
1514077098.64	1006.45
1514077159.54	1006.51
1514077220.45	1006.56
1514077281.36	1006.60
1514077342.26	1006.58
1514077403.16	1006.56
1514077464.06	1006.58
1514077524.98	1006.62
1514077585.89	1006.73
1514077646.81	1006.80
1514077707.72	1006.79
1514077768.64	1006.84
1514077829.55	1006.93
1514077890.45	1007.03
1514077951.37	1007.06
1514078012.27	1007.09
1514078073.17	1007.15
1514078134.07	1007.23
1514078194.97	1007.33
1514078255.85	1007.38
1514078316.74	1007.33
1514078377.62	1007.42
1514078438.52	1007.36
1514078499.43	1007.36
1514078560.33	1007.32
1514078621.25	1007.29
1514078682.16	1007.34
1514078743.07	1007.37
1514078803.99	1007.20
1514078864.9	1007.03
1514078925.8	1006.92
1514078986.69	1006.87
1514079047.6	1006.82
1514079108.51	1006.75
1514079169.4	1006.68
1514079230.31	1006.73
1514079291.2	1006.75
1514079352.09	1006.80
1514079412.99	1006.84
1514079473.9	1006.84
1514079534.79	1006.71
1514079595.69	1006.74
1514079656.6	1006.72
1514079717.49	1006.67
1514079778.38	1006.77
1514079839.28	1006.84
1514079900.19	1006.99
1514079961.11	1007.28
1514080022.03	1007.29
1514080082.96	1007.37
1514080143.88	1007.35
1514080204.79	1007.34
1514080265.7	1007.36
1514080326.61	1007.34
1514080387.54	1007.28
1514080448.45	1007.40
1514080509.37	1007.44
1514080570.27	1007.41
1514080631.17	1007.33
1514080692.07	1007.24
1514080753.0	1007.30
1514080813.9	1007.36
1514080874.8	1007.45
1514080935.71	1007.46
1514080996.63	1007.37
1514081057.54	1007.43
1514081118.46	1007.39
1514081179.38	1007.37
1514081240.3	1007.44
1514081301.23	1007.44
1514081362.16	1007.43
1514081423.08	1007.52
1514081484.01	1007.66
1514081544.92	1007.56
1514081605.81	1007.67
1514081666.7	1007.71
1514081727.61	1007.73
1514081788.53	1007.85
1514081849.46	1007.85
1514081910.37	1007.93
1514081971.27	1007.73
1514082032.18	1007.67
1514082093.1	1007.75
1514082154.03	1007.76
1514082214.96	1007.72
1514082275.89	1007.75
1514082336.82	1007.71
1514082397.75	1007.69
1514082458.69	1007.74
1514082519.62	1007.73
1514082580.53	1007.68
1514082641.45	1007.58
1514082702.37	1007.63
1514082763.29	1007.57
1514082824.2	1007.60
1514082885.12	1007.59
1514082946.04	1007.53
1514083006.96	1007.68
1514083067.89	1007.75
1514083128.81	1007.76
1514083189.73	1007.70
1514083250.63	1007.80
1514083311.55	1007.87
1514083372.46	1007.94
1514083433.37	1007.87
1514083494.29	1007.91
1514083555.2	1007.90
1514083616.13	1007.89
1514083677.05	1007.89
1514083737.95	1007.99
1514083798.85	1007.97
1514083859.75	1007.93
1514083920.66	1007.88
1514083981.57	1007.91
1514084042.48	1007.93
1514084103.4	1007.92
1514084164.33	1007.88
1514084225.26	1007.85
1514084286.17	1007.84
1514084347.1	1007.69
1514084408.02	1007.66
1514084468.96	1007.52
1514084529.88	1007.35
1514084590.82	1007.25
1514084651.73	1007.39
1514084712.64	1007.48
1514084773.58	1007.55
1514084834.5	1007.46
1514084895.43	1007.41
1514084956.36	1007.46
1514085017.29	1007.63
1514085078.23	1007.71
1514085139.16	1007.79
1514085200.08	1007.99
1514085261.02	1008.09
1514085321.96	1008.16
1514085382.89	1008.27
1514085443.82	1008.42
1514085504.74	1008.53
1514085565.68	1008.58
1514085626.6	1008.58
1514085687.53	1008.56
1514085748.46	1008.62
1514085809.39	1008.64
1514085870.32	1008.62
1514085931.25	1008.67
1514085992.17	1008.74
1514086053.09	1008.72
1514086114.02	1008.84
1514086174.95	1008.86
1514086235.87	1008.90
1514086296.8	1009.02
1514086357.73	1009.03
1514086418.66	1009.16
1514086479.58	1009.11
1514086540.51	1009.22
1514086601.44	1009.23
1514086662.37	1009.30
1514086723.3	1009.26
1514086784.23	1009.29
1514086845.16	1009.35
1514086906.1	1009.43
1514086967.03	1009.43
1514087027.96	1009.47
1514087088.89	1009.49
1514087149.83	1009.53
1514087210.76	1009.54
1514087271.7	1009.59
1514087332.63	1009.61
1514087393.56	1009.57
1514087454.48	1009.57
1514087515.42	1009.67
1514087576.35	1009.82
1514087637.28	1009.78
1514087698.2	1009.56
1514087759.13	1009.52
1514087820.06	1009.44
1514087880.99	1009.51
1514087941.93	1009.55
